Ad Group,Keyword (Exact Match),Match Type,Headline 1,Headline 2,Headline 3,Description Line 1,Description Line 2
Time Attendance - General,[zkteco time attendance],Exact,ZKTeco Attendance Devices - Official,Face & Fingerprint Recognition,Free Shipping in Saudi Arabia,"Shop ZKTeco time attendance machines. Face, fingerprint & card recognition. VAT-inclusive prices. Order now from NahamTech.","Trusted by Saudi businesses. ZKTeco MB2000, UFace800, SpeedFace V5L & more. Fast delivery across KSA."
Time Attendance - General,[zkteco attendance system],Exact,,,,,
Time Attendance - General,[جهاز بصمة حضور وانصراف],Exact,,,,,
Time Attendance - General,[zkteco attendance machine saudi],Exact,,,,,
Time Attendance - General,[جهاز حضور وانصراف بصمة وجه],Exact,,,,,
Time Attendance - General,[time attendance device riyadh],Exact,,,,,
Time Attendance - General,[fingerprint attendance machine],Exact,,,,,
Time Attendance - General,[جهاز بصمة zkteco],Exact,,,,,
MB2000,[zkteco mb2000],Exact,ZKTeco MB2000 - Face & Fingerprint,450 SAR | VAT Inclusive,Buy Now - Fast KSA Delivery,ZKTeco MB2000 multi-biometric terminal. Face recognition + fingerprint. Ideal for offices & factories. Order online with free support.,
MB2000,[mb2000 attendance device],Exact,,,,,
MB2000,[zkteco mb2000 price saudi],Exact,,,,,
MB2000,[zkteco mb2000 سعر],Exact,,,,,
MB2000,[جهاز بصمة mb2000],Exact,,,,,
UFace800,[zkteco uface800],Exact,ZKTeco UFace800 - Touchscreen,Face + Finger + Card + PIN,From 810 SAR | Shop Now,"UFace800 multi-biometric device with 8"" touchscreen. WiFi available. Supports face, fingerprint, card & password. Buy in Saudi Arabia.",
UFace800,[uface 800 attendance],Exact,,,,,
UFace800,[zkteco uface800 wifi],Exact,,,,,
UFace800,[uface800 price saudi arabia],Exact,,,,,
UFace800,[جهاز بصمة وجه uface800],Exact,,,,,
UFace800,[zkteco uface800 سعر],Exact,,,,,
SpeedFace V5L WiFi,[zkteco speedface v5l],Exact,SpeedFace V5L WiFi - Palm & Face,950 SAR | Advanced Biometric,ZKTeco Authorized Distributor,"ZKTeco SpeedFace V5L with WiFi. Face, palm & PIN recognition. Contactless and hygienic. Ships across Saudi Arabia.",
SpeedFace V5L WiFi,[speedface v5l wifi],Exact,,,,,
SpeedFace V5L WiFi,[zkteco speedface v5l wifi price],Exact,,,,,
SpeedFace V5L WiFi,[جهاز بصمة كف اليد zkteco],Exact,,,,,
SpeedFace V5L WiFi,[palm recognition attendance device],Exact,,,,,
SpeedFace V5L WiFi,[speedface v5l سعر],Exact,,,,,
MB10,[zkteco mb10],Exact,ZKTeco MB10 - Face & Fingerprint,Only 250 SAR | Budget Biometric,Buy Online - KSA Delivery,ZKTeco MB10 compact multi-biometric terminal. Face + fingerprint verification. Best value attendance solution for small businesses.,
MB10,[mb10 attendance machine],Exact,,,,,
MB10,[zkteco mb10 price],Exact,,,,,
MB10,[جهاز بصمة وجه mb10],Exact,,,,,
MB10,[zkteco mb10 سعر],Exact,,,,,
F18 Access Control,[zkteco f18],Exact,ZKTeco F18 - Access Control,Fingerprint + Card + PIN,450 SAR | IP65 Rated,"ZKTeco F18 biometric access control terminal. Fingerprint, RFID card & password. Ideal for doors and gates. Available in KSA.",
F18 Access Control,[f18 access control],Exact,,,,,
F18 Access Control,[zkteco f18 fingerprint reader],Exact,,,,,
F18 Access Control,[جهاز تحكم في الدخول f18],Exact,,,,,
F18 Access Control,[zkteco f18 سعر],Exact,,,,,
F18 Access Control,[fingerprint access control saudi],Exact,,,,,
F22 Access Control WiFi,[zkteco f22],Exact,ZKTeco F22 WiFi - Access Control,Finger + Card + PIN | 330 SAR,Wireless Setup - Easy Install,"ZKTeco F22 with WiFi. Biometric access control with fingerprint, RFID & PIN. Wireless connectivity for easy installation. Ships in KSA.",
F22 Access Control WiFi,[zkteco f22 wifi],Exact,,,,,
F22 Access Control WiFi,[f22 access control wifi],Exact,,,,,
F22 Access Control WiFi,[جهاز تحكم في الدخول f22],Exact,,,,,
F22 Access Control WiFi,[zkteco f22 سعر],Exact,,,,,
BioTime Software,[zkteco biotime],Exact,ZKTeco BioTime - Web Software,Cloud-Based Attendance System,Setup & Consultation Available,BioTime by ZKTeco - powerful web-based attendance management software. Professional setup and consultation. Contact NahamTech today.,
BioTime Software,[biotime software],Exact,,,,,
BioTime Software,[برنامج حضور وانصراف zkteco],Exact,,,,,
BioTime Software,[zkteco biotime download],Exact,,,,,
BioTime Software,[biotime attendance software],Exact,,,,,
BioTime Software,[biotime consultation],Exact,,,,,
Access Control Systems,[zkteco access control],Exact,ZKTeco Access Control Systems,"Locks, Readers & Controllers",Professional Installation in KSA,"Complete ZKTeco access control solutions. Magnetic locks, smart glass locks, fingerprint readers & exit buttons. Serving all of Saudi Arabia.",
Access Control Systems,[أنظمة التحكم في الدخول],Exact,,,,,
Access Control Systems,[magnetic lock zkteco],Exact,,,,,
Access Control Systems,[zkteco door lock saudi],Exact,,,,,
Access Control Systems,[قفل مغناطيسي zkteco],Exact,,,,,
Access Control Systems,[zkteco glass door lock],Exact,,,,,
USB Fingerprint Readers,[zkteco zk4500],Exact,USB Fingerprint Readers - ZKTeco,"ZK4500, ZK9500 & SLK20R",Plug & Play | SDK Included,"ZKTeco USB fingerprint scanners. ZK4500, ZK9500 & SLK20R. Compatible with BioTime & third-party HR software. Ships across KSA.",
USB Fingerprint Readers,[zkteco zk9500],Exact,,,,,
USB Fingerprint Readers,[zkteco slk20r],Exact,,,,,
USB Fingerprint Readers,[usb fingerprint reader saudi],Exact,,,,,
USB Fingerprint Readers,[قارئ بصمة usb],Exact,,,,,
USB Fingerprint Readers,[fingerprint scanner usb],Exact,,,,,
Smart Locks & Biosecurity,[zkteco smart lock],Exact,ZKTeco Smart Locks & Security,Glass Door Lock GL300 | From 550 SAR,Touchless Exit Buttons Available,"ZKTeco biosecurity products. GL300 smart glass door lock, TLEB101 touchless exit button, magnetic locks & mounting brackets. Shop now.",
Smart Locks & Biosecurity,[zkteco gl300],Exact,,,,,
Smart Locks & Biosecurity,[قفل ذكي زجاج zkteco],Exact,,,,,
Smart Locks & Biosecurity,[smart glass door lock saudi],Exact,,,,,
Smart Locks & Biosecurity,[zkteco biosecurity],Exact,,,,,
Smart Locks & Biosecurity,[zkteco exit button],Exact,,,,,
